filename,Matang,mentah
photo_37944_jpg.rf.f4587aa6459250ab40ed301e0b7e7a8a.jpg,1,1
photo_29123_jpg.rf.92664d7218579d7d133547f831a7cda8.jpg,1,1
photo_200821_jpg.rf.6202c055f792614d5dafa269ef765761.jpg,0,1
photo_54803_jpg.rf.89c881206edfe3aaf0362e5faab981d3.jpg,1,0
photo_72254_jpg.rf.77d251d885b137fe1cf87daa32ce4326.jpg,1,0
photo_58266_jpg.rf.f7a62bcf4518d6a50cc8c3e40055848a.jpg,1,1
photo_14490_jpg.rf.615945cf2f0a76dc0e74cbfbabe6d782.jpg,1,0
photo_107614_jpg.rf.0fec3fd1dc4f84c97c7e93a1cf020211.jpg,1,1
photo_15385_jpg.rf.1973e02a74289c49641ed459c2ed30d5.jpg,1,0
photo_102115_jpg.rf.9882c10307d2d4e8d249370cb64023e8.jpg,1,1
photo_53430_jpg.rf.be5ff96682a5c9aa84e1ec2b67f0e6ca.jpg,0,1
photo_207134_jpg.rf.e6d4f39eaaf277b82ac5594ee17b82d3.jpg,1,1
photo_68036_jpg.rf.ce376fb4b8224ec6ded74e9074a4d220.jpg,1,1
photo_40606_jpg.rf.c691a2a03960dda4e3ada705c0a984e2.jpg,1,0
photo_179171_jpg.rf.fad203317acfcdf3d3bc4f45b8ae78af.jpg,1,0
photo_3643_jpg.rf.6d5c1604d69731caf09bf094ac08d17b.jpg,1,0
photo_19729_jpg.rf.9ca77be8abb08d671325eff3c4add216.jpg,1,0
photo_243070_jpg.rf.898e90491aab57a964be44786a526806.jpg,0,1
photo_174373_jpg.rf.4bb4bef84958f2e70e904af73ccef060.jpg,1,1
photo_70185_jpg.rf.89818c19b1d8d5bdf44ed18c282aceab.jpg,0,1
photo_89229_jpg.rf.a6c0d9230425ea4b67da1d922c24289e.jpg,1,0
photo_31333_jpg.rf.546d2794285563997f12bccbc74f37b0.jpg,1,1
photo_153586_jpg.rf.8932e43950f1f439bbddeb8f77ca44ff.jpg,1,0
photo_66050_jpg.rf.aa2ac01b543639510141d866242d08e4.jpg,0,1
photo_70441_jpg.rf.ef1d8f06ad0a6bd5bfb0b82f77fa5fad.jpg,1,1
photo_6087_jpg.rf.6fac9a82dab4a7d714a17ede8b717df1.jpg,1,1
photo_53088_jpg.rf.4e4193d228cfebaa9159ec4bccc94030.jpg,1,1
photo_23694_jpg.rf.ba187b114653b7b79f451c4443f9085a.jpg,0,1
photo_26785_jpg.rf.c67a649b29c29a8448a4ea4d606badd8.jpg,1,1
photo_62233_jpg.rf.4f9714566514e43729f71c1648e925e1.jpg,1,0
photo_84736_jpg.rf.8f84d7feeb57444a090890ccede729f8.jpg,1,1
photo_58571_jpg.rf.f9653bdfb04a2aa55ab07ce717813603.jpg,0,1
photo_122587_jpg.rf.03e0036a1b70576aec35497b43de5b11.jpg,0,1
photo_62502_jpg.rf.f89925341543638b2141d286c6bd3ffc.jpg,1,1
photo_1392_jpg.rf.60f8a799541376d040249c65bec9138f.jpg,1,0
photo_124418_jpg.rf.f3dfa9eeb90052feaa52679f92004118.jpg,1,0
photo_10408_jpg.rf.3f9ed7f977378be918cd8cda82804aee.jpg,1,1
photo_13799_jpg.rf.b66d8340fc77220981df897ed70d1066.jpg,0,1
photo_15326_jpg.rf.a14e33b6b4d6b71cafdb29b5026981a0.jpg,1,1
photo_86235_jpg.rf.456119a29c6a527db45cadac2fe4aab9.jpg,0,1
photo_46823_jpg.rf.c8da51591c52ca318edbce2b1f100361.jpg,1,0
photo_141997_jpg.rf.8438a2b321cde5a62feb8f57ab28337e.jpg,1,0
photo_73111_jpg.rf.8a5fa1caf72b383031c619918260a547.jpg,1,0
photo_45943_jpg.rf.e1c527b3b0475f7dd2222390e0ef45f5.jpg,0,1
photo_103879_jpg.rf.8201d1e884320f6c86233bdbe1704aa8.jpg,1,0
photo_30587_jpg.rf.0e0af516da36d5f740eefce9a3a2cb84.jpg,1,0
photo_10454_jpg.rf.7c19eb48826d06680069185c37e2febf.jpg,1,1
photo_17498_jpg.rf.0882b7428db26e62e0b2e202680e49ae.jpg,1,1
photo_64656_jpg.rf.69164273e99f99da2dbacc0be04bae06.jpg,0,1
photo_39585_jpg.rf.67c0ae4888d4064d920fc4438a9b7337.jpg,1,0
photo_262502_jpg.rf.4a6b8e187722d173bcdc652aa1dd201a.jpg,0,1
photo_8145_jpg.rf.9cf4cf98a232e2c27dd3aab685a40a4e.jpg,1,0
photo_135015_jpg.rf.46543ffad3b9ce61be706715281c1a5c.jpg,1,0
photo_5891_jpg.rf.27c32d26a8be909b9b572cc1e8cb9026.jpg,0,1
photo_100318_jpg.rf.67ac3623b0fe969752d32ac627a71806.jpg,1,1
photo_366977_jpg.rf.1eacda6810bc5ea3c3aea1469de228f7.jpg,0,1
photo_141581_jpg.rf.1c55464c401a6676f80001bc49c3de11.jpg,1,0
photo_12784_jpg.rf.5868f68c227e5d949a5dd5dc68376bf7.jpg,1,1
photo_27803_jpg.rf.ece339de6409fd2eaeec36b814c6a098.jpg,1,1
photo_66883_jpg.rf.d9170785f85cc9b71585e78d16b491fa.jpg,1,1
photo_465346_jpg.rf.937f1151d87705849a500dc0f0b0829a.jpg,0,1
photo_22644_jpg.rf.7d4bd75142a5aa9000910ac4a48e7c1c.jpg,1,0
photo_77935_jpg.rf.d4c2f2eee12bf847bc181e72b2a82730.jpg,1,0
photo_155568_jpg.rf.cc65e5bbcf887e49c7ed5d0874d924a2.jpg,0,1
photo_127440_jpg.rf.db52376db785195d1dcf311dd6e30421.jpg,0,1
photo_25915_jpg.rf.a43b15520999e0c25e0b69c9992040a7.jpg,0,1
photo_51249_jpg.rf.a55c0111c98ceb8cc1ef8f718ba8883e.jpg,0,1
photo_32838_jpg.rf.c3eef29aabb4ea7b265481b1e57b3d8f.jpg,1,0
photo_43965_jpg.rf.7e818ff323ed987d9f81dfe4644b1c7f.jpg,0,1
photo_14281_jpg.rf.1426a71475ea71dc03a9ce31ab25a73b.jpg,1,1
photo_1263_jpg.rf.12298b664a46a396025323bbb9513fd9.jpg,1,0
photo_6579_jpg.rf.f60116dbbecc8ec9c028453d0ec67908.jpg,1,1
photo_92410_jpg.rf.20b9aa71c686a2a72222cec890a8dd3f.jpg,0,1
photo_21536_jpg.rf.ca3583881e5b277f9aec895eb88cdc46.jpg,1,1
photo_53716_jpg.rf.a162bfbfd0ca771d773c29bee51bb26e.jpg,1,1
photo_50662_jpg.rf.6b14f79861e6d05d7ad2f5fc4eef1794.jpg,0,1
photo_18695_jpg.rf.22cb820a96b242149cb6e6c642132eff.jpg,1,1
photo_21918_jpg.rf.eccefc39cbdbaecfa5a94a5e52d5b719.jpg,0,1
photo_14126_jpg.rf.b018439777525f831b7512dae5567eda.jpg,1,1
photo_7609_jpg.rf.70bc22368a23472c9fa2a6bc506f8a3e.jpg,0,1
photo_8278_jpg.rf.920854f79335a22044184a0a811d3efa.jpg,1,1
photo_210902_jpg.rf.7f92d210737604c340283be4c24b3237.jpg,1,1
photo_68645_jpg.rf.feb4a0e9d280a5a33a1a68aed0785a75.jpg,1,0
photo_123285_jpg.rf.fa63865dbde48b642e00bb5bbb086df9.jpg,1,1
photo_57799_jpg.rf.186e2b2723e63ded82692b50ea59fd1b.jpg,0,1
photo_47563_jpg.rf.200e86705a684538a3f3ba88ddbadab0.jpg,1,1
photo_25125_jpg.rf.83d02fa2756d1c29bd7d09d330d1ab07.jpg,1,1
photo_21845_jpg.rf.5ae31ce8403e1f678c0e7c4f1b7ef426.jpg,0,1
photo_43863_jpg.rf.51833b816a5c2a47fa0bfbf8a4fd792d.jpg,1,1
photo_185065_jpg.rf.561e55a69c4ae4f24077813922ca8cf2.jpg,0,1
photo_124796_jpg.rf.06d202961a54e5bc3cdcacf1ff7db015.jpg,0,1
photo_144859_jpg.rf.aec1e66da2e6503d547a28e860fdad40.jpg,1,0
photo_49771_jpg.rf.6085419024b0f2d7f008cdc1e4d7bdd2.jpg,1,1
photo_61924_jpg.rf.e8cc84c52d93dfc72527b17fd52ea190.jpg,0,1
photo_15361_jpg.rf.4a5f631d9c2147716ee47464330ddbb7.jpg,1,1
photo_4696_jpg.rf.dda9efc434b69d5145995cd6c7fd694d.jpg,1,1
photo_138958_jpg.rf.62e9f50d89415cbfe9cf6ef09060679a.jpg,1,1
photo_274415_jpg.rf.b65e13b344ca365635f7eb3df83e986c.jpg,1,1
photo_144080_jpg.rf.3bb7b6797f00870ec2bc3d462742ecd0.jpg,1,1
photo_107280_jpg.rf.34954a4c5f996b8981e417b39400abf2.jpg,0,1
photo_43592_jpg.rf.699803d756244e16ba526383a3cb2579.jpg,0,1
photo_117636_jpg.rf.7cb48326eea2ecf42edbd685ebbf372b.jpg,0,1
photo_38867_jpg.rf.186903e9c324e2e957bba4db315e6bfc.jpg,0,1
photo_6480_jpg.rf.9aa7f652424c86a2997d32e0bacf261a.jpg,1,0
photo_155319_jpg.rf.db755386c83d7a8c99cb934e075a74f9.jpg,1,1
photo_72250_jpg.rf.b208575700ff4d809343b2f495f2c8c6.jpg,0,1
photo_59158_jpg.rf.e6107492127a553e43b6e22651acc6d2.jpg,1,1
photo_14133_jpg.rf.4e3fcc79b24c28d9190ec75c1293f88d.jpg,1,0
photo_3905_jpg.rf.d09fb98fa474074649faed59bdd4c00d.jpg,1,1
photo_23912_jpg.rf.1bab33d2a35abdf53532369d9906a055.jpg,1,1
photo_7082_jpg.rf.78d7386cd725841422452d1660646ba9.jpg,0,1
photo_108645_jpg.rf.c97693e6946061fcecb2c4117e40d1a9.jpg,1,1
photo_1311_jpg.rf.f098f53100f7e733e787dd190e2bbe94.jpg,0,1
photo_15819_jpg.rf.861362e8c8533c476ea6335918769263.jpg,1,1
photo_31455_jpg.rf.d1463a67bdf963016878567e8567c6ae.jpg,1,0
photo_175231_jpg.rf.146c4469f16357836882a961584063e1.jpg,0,1
photo_449820_jpg.rf.0a77d9c656046c4eb6501512c0a84e44.jpg,1,0
photo_3535_jpg.rf.f243936d794bcf4f5ecd460dff588cdd.jpg,1,1
photo_54255_jpg.rf.7eb37a4d27c070a31b95301c3bdee7fa.jpg,1,0
photo_18864_jpg.rf.d4f5bccd4ce8eab821e08bdcf0370322.jpg,1,0
photo_48364_jpg.rf.87f0edf75a01238764f35e71903a0448.jpg,0,1
photo_36736_jpg.rf.912f87aebcfbd75e99c2540d6203e98f.jpg,0,1
photo_75045_jpg.rf.91738c263957403d208cad0ea8338766.jpg,1,0
photo_41848_jpg.rf.1b80c3485fc39402c356745466c1142a.jpg,1,1
photo_126503_jpg.rf.43b7ebda54fbc2281b23158e2ecf349c.jpg,1,0
photo_114405_jpg.rf.3e20cc0787fe3d76628932fbd1c54711.jpg,0,1
photo_32841_jpg.rf.b0e91c8764d0c1bd9c142e4aab038695.jpg,1,1
photo_21389_jpg.rf.bec2ccc1ac786315ba60213f5f49486d.jpg,1,1
photo_33642_jpg.rf.9049508cd74b433a38b3afb2b7b55b49.jpg,1,0
photo_64519_jpg.rf.a8d1ae51ec5ffd42326388e7818d47c4.jpg,1,1
photo_1898_jpg.rf.1689f0fae2cc8b16fb8aecaa8f28e852.jpg,1,1
photo_104689_jpg.rf.85ad983cb7f5e3100330623d127e2d5a.jpg,1,1
photo_132775_jpg.rf.66ebc35063b4f6293a35015ddd84a978.jpg,1,0
photo_144214_jpg.rf.a1bcadc190c5613bea9c51b1a5f4b839.jpg,1,0
photo_154412_jpg.rf.3ca779dea060b6b20e1c9b29445a1d66.jpg,1,0
photo_128791_jpg.rf.c3da07a4c4432e94404bac89a0e34d7f.jpg,1,1
photo_55346_jpg.rf.03edf3307fab3b6af50b542612288bf4.jpg,1,0
photo_37680_jpg.rf.bf4ed8bfd821830f884a3fb1585d283a.jpg,0,1
photo_16496_jpg.rf.a906477ae266cc1dee5ff0fdd39be0d5.jpg,1,1
photo_34062_jpg.rf.5416550531c6c31630e4575fb81ea390.jpg,1,0
photo_7627_jpg.rf.69f6bf8c765e531dafead29e5a98438e.jpg,0,1
photo_37218_jpg.rf.ace61aaeee580b5c12cb8dd942c521aa.jpg,1,1
photo_159555_jpg.rf.d5c85d844f4838474f4b4c1fd126679a.jpg,0,1
photo_47826_jpg.rf.46e2d108ea37e76326d346837d9ea90b.jpg,1,0
photo_140497_jpg.rf.a45969a5e8e01ba0d7fe9184e57c9a96.jpg,1,0
photo_59972_jpg.rf.4e812f41f22f893a8ab4550f488a096e.jpg,1,1
photo_135357_jpg.rf.ce637b525e823a0f0c0f6404041975df.jpg,0,1
photo_168699_jpg.rf.ce9625d6db4ad7508439aedfde429e2b.jpg,1,0
photo_53674_jpg.rf.568362bf36a38f23723c4aa6db9b2f7d.jpg,0,1
photo_7960_jpg.rf.d81afb1e02615d23698b1307920276b2.jpg,1,0
photo_116784_jpg.rf.3eaf5ad8bf01f50394c5b89984cdb92c.jpg,1,1
photo_7224_jpg.rf.64e76fff5743f617d22714446f1931f4.jpg,1,1
photo_38153_jpg.rf.f3536a026a2eb18a8902ab14a3ad4fe8.jpg,0,1
photo_52516_jpg.rf.1b6d3c71db2aefc74fa5ebb70f39efcd.jpg,1,0
photo_51906_jpg.rf.64ee8c65e3a0da1f0ae5bf69c54d6a58.jpg,1,0
photo_67429_jpg.rf.f03bccdf8efac5a181c51a1c4b674b21.jpg,0,1
photo_59863_jpg.rf.94ed73737bfee40099908dea404bee0a.jpg,0,1
photo_165903_jpg.rf.23b4e62ec89992e71e38222615d3247a.jpg,0,1
photo_128469_jpg.rf.4a3300761a900314f8e06994a8f9776b.jpg,0,1
photo_93256_jpg.rf.c88518a8d290af5b2dff0a30c0f942cc.jpg,1,1
photo_3358_jpg.rf.1baef6d15278956f579e68ad3bd8d72b.jpg,1,1
photo_118749_jpg.rf.b145f01d5d75775ec348df99f8708c02.jpg,0,1
photo_20534_jpg.rf.8d719407aa6e97c67d1cad4dadc8fb1f.jpg,1,0
photo_2857_jpg.rf.9bc350ececeabf62005e5f6a72620721.jpg,1,0
photo_159370_jpg.rf.465a0c2b2bbd151cba2adca9f7eaa113.jpg,0,1
photo_12739_jpg.rf.738030b2280c42d374060ed80f142259.jpg,1,1
photo_21304_jpg.rf.b474c97d459739c489f81910abba3fce.jpg,1,1
photo_51303_jpg.rf.dc563d01a28d8d043c99cb205b836e19.jpg,1,0
photo_2958_jpg.rf.81a85ae2588285f16646d6bd63ae28e4.jpg,1,1
photo_10232_jpg.rf.1735c62f0eff06a2a3e1e8ee83b0f4be.jpg,1,0
photo_40293_jpg.rf.8d5de8c385cb926237180d9ba7625b67.jpg,1,1
photo_129610_jpg.rf.ec87114456d91a560e39dcb76a72aed8.jpg,0,1
photo_341027_jpg.rf.90ea12c66bda9bd1571cfeac160ae93c.jpg,1,0
photo_164686_jpg.rf.4dd787e67e51318fbe7eb4e2889d99af.jpg,0,1
photo_49071_jpg.rf.2fd35db21ecfea0866fa4e0f4b0d4b58.jpg,0,1
photo_98925_jpg.rf.ef9e544f0554723383bf5dccaebbb905.jpg,0,1
photo_54701_jpg.rf.03f68743bf9033bcee6e05d1a66ca58d.jpg,1,1
photo_19888_jpg.rf.0247e497bab6b62fa2186b54285bb96a.jpg,0,1
photo_108228_jpg.rf.2fff25e9a2db3233cfe6307066ce5cb1.jpg,0,1
photo_73454_jpg.rf.3d4ffd00291250e3824613c1f2b53b2e.jpg,1,1
photo_78389_jpg.rf.9a20b103f6b2c1c93302562e3e60aebf.jpg,1,0
photo_3998_jpg.rf.ce4b54e306bb5b70e01c50fef8345f44.jpg,1,0
photo_47667_jpg.rf.8ca628ebb23542f58d1ab9a9fa4619d5.jpg,1,0
photo_171979_jpg.rf.f387b51d41fb874b02a8091fcdb8fa26.jpg,1,1
photo_214747_jpg.rf.f23eb63cff5e698ba4bb2b578d132879.jpg,1,0
photo_129883_jpg.rf.f787b64d619eb81170ab4cdf7726af94.jpg,1,0
photo_351392_jpg.rf.ffde36e76c4ee770744a0ea3cd1b04ac.jpg,0,1
photo_120553_jpg.rf.fe8d436f216222a549c27eebc1efd404.jpg,1,1
photo_79312_jpg.rf.c8d8d57c857bae2886d5e89323dddf02.jpg,1,0
photo_60102_jpg.rf.c0e4db27a29eba711744a477af9af0ee.jpg,1,0
photo_149222_jpg.rf.9f40a878ec953dd53fc82aa6a0b83c3c.jpg,1,0
photo_47209_jpg.rf.afc9d90f3101b23865bd185b36a66e36.jpg,1,0
photo_27299_jpg.rf.c3da90f404b8c8ffdd0da567223c39b9.jpg,1,0
photo_41771_jpg.rf.17a0f0a97236b40d7389964023c91d4a.jpg,1,0
photo_51576_jpg.rf.ba440c7eef946fbb18a4ed935c4132fd.jpg,1,0
photo_6144_jpg.rf.570b6aabb9f8fddb501dcf54aa1ea769.jpg,1,0
photo_185451_jpg.rf.a5ff30fd9d00092b762b0bfe6d15ab09.jpg,1,0
photo_39782_jpg.rf.1b19eaa9d2ccf4239047158bf3e79678.jpg,0,1
photo_99900_jpg.rf.2a9bc1d14f8695e9313f06e9d58325d1.jpg,1,1
photo_108764_jpg.rf.e404a87d6785ce91ad0cc5ad0f8b3f4d.jpg,0,1
photo_16315_jpg.rf.56c6555901b9b5c52bc188e4242c22d5.jpg,1,1
photo_136304_jpg.rf.8340c01271b3ee3502ee92b02a4db042.jpg,1,1
photo_113348_jpg.rf.fa261afc8d1aa5cfb284246e1d8b3fd3.jpg,0,1
photo_70003_jpg.rf.10ae1038e77684b2709e5bc8c2b8fd3a.jpg,1,1
photo_26425_jpg.rf.dc51c007877bec8771aa3c2937714245.jpg,1,1
photo_150617_jpg.rf.6f681d1515e2b1ae8340f4e7b59da5fa.jpg,1,1
photo_42403_jpg.rf.14049971970378b1731c5ea9927d4b5d.jpg,0,1
photo_19352_jpg.rf.b8428882ad1493b528f9be545e5188c7.jpg,1,1
photo_6653_jpg.rf.1c9e763bacf6a9a0e7aa077b88e51140.jpg,1,1
photo_4482_jpg.rf.96ce0b3cc7e858f3c11804d35f262793.jpg,1,0
photo_40119_jpg.rf.6efa5a75d31675d5bf8e2c1b3c4be6dd.jpg,1,1
photo_33619_jpg.rf.26262f94fe97a52b39a0e438e339eab4.jpg,1,0
photo_69411_jpg.rf.a7a253308861439c391eb5031c77e9ec.jpg,0,1
photo_82399_jpg.rf.1c24d0ff95dc202fab7152d43302d4c2.jpg,1,1
photo_63987_jpg.rf.f006911c1d368021432344dcdb77f3e2.jpg,0,1
photo_4996_jpg.rf.5ed48938fb03e98d91bac44208e00d99.jpg,0,1
photo_4053_jpg.rf.da857ffb8b44183d7b50501de52d7728.jpg,1,1
photo_31648_jpg.rf.d4659aad6d4a6fa11f2a9749f68f1f9d.jpg,1,1
photo_164429_jpg.rf.641f7ace3b27be1315eee8a47278b681.jpg,1,0
photo_1326_jpg.rf.f67e9351caa1244d5a0d4c8d7d02c733.jpg,1,0
photo_26017_jpg.rf.49d51979a58a0d26371bcaa37ba42d9d.jpg,1,0
photo_116359_jpg.rf.3f932c7787a5c77a584c7285516aed2e.jpg,1,1
photo_7871_jpg.rf.04b5f1083eb3c2a29fd7cf3fae7956aa.jpg,0,1
photo_178133_jpg.rf.7920aca7722f710c072520186711093f.jpg,1,0
photo_32353_jpg.rf.0db59667bc0810b29fdc38afe5b31757.jpg,0,1
photo_101370_jpg.rf.c7641f9f7787b2445ee27c920664f9bc.jpg,1,0
photo_31457_jpg.rf.ae4f841b70000450b32d9db0b7a53605.jpg,1,1
photo_106869_jpg.rf.98d417f6a46bb426ca4110bbb1f983f4.jpg,1,1
photo_118533_jpg.rf.6109bbe17342729e7436fddac7a84b2f.jpg,1,1
photo_67365_jpg.rf.9273bbd8494959eec3f2b7d8ee02a8a8.jpg,0,1
photo_34076_jpg.rf.67fd7fa7a04b16fe61a7902f88f2df16.jpg,0,1
photo_18180_jpg.rf.6b60f175004a95c4c058c7b3264989dc.jpg,1,1
photo_38149_jpg.rf.6982d638132b7cb3c6f7e854b6fcac76.jpg,0,1
photo_50408_jpg.rf.cdf70e62f569006bd17d974c1fb982cc.jpg,0,1
photo_118199_jpg.rf.2f411c7ebf582b6d978ee6bd4d7455e4.jpg,1,0
photo_191572_jpg.rf.9b669dc1cef7ec61e359e66897b389f2.jpg,0,1
photo_26833_jpg.rf.2f3294962f71cb7d13ae6f216630012a.jpg,1,0
photo_470552_jpg.rf.59220891cd1c66b500d4a5e93d881e3e.jpg,1,0
photo_49029_jpg.rf.5ad46fb1c9c7c442782f6101c35063e9.jpg,1,1
photo_5416_jpg.rf.d8d823fe19dbb56d5de77097dc39fba5.jpg,1,1
photo_29293_jpg.rf.6d4186f43b670e09f5d3f25374aef9dd.jpg,1,0
photo_115427_jpg.rf.c1ae35eb533d81dfa178053e7c84fd42.jpg,0,1
photo_40142_jpg.rf.6e9d1908992e0c028519adf7e6f6f973.jpg,1,0
photo_74009_jpg.rf.1b74516ab74fd686a948b7e60ccdf3a6.jpg,1,1
photo_37015_jpg.rf.b0be694a4cb3111aa327cb3cc8f3e180.jpg,1,0
photo_80579_jpg.rf.90293e95861d390b610f4299cfbbdcee.jpg,0,1
photo_11996_jpg.rf.77bc8c56c077b44ffccab787b821e41b.jpg,1,1
photo_113408_jpg.rf.23c5c1c3c7e3546fb8108cd3a08423d9.jpg,1,0
photo_80014_jpg.rf.04fc6dfb9fee21bb9c63c611f77fe12e.jpg,1,1
photo_58192_jpg.rf.33fb3331ffeb925538a6763cf0b0f102.jpg,1,1
photo_25916_jpg.rf.b101cb23744f5fe128829355d023eb41.jpg,1,0
photo_147139_jpg.rf.3b83e29e500e34f87a753efea2ad91f8.jpg,1,0
photo_14985_jpg.rf.4ca7ab68900168810b952c1eb6f04430.jpg,1,1
photo_6277_jpg.rf.e50589d6181fdac95850cfd203624c04.jpg,0,1
photo_20960_jpg.rf.1944e98f820e5956c43f8b02ca3aae3c.jpg,1,0
photo_48775_jpg.rf.eb08f631df1a64294b580c0cf6e20e5d.jpg,1,1
photo_114033_jpg.rf.c4ae0c1bd13ab41c2486186d7d3b556c.jpg,1,1
photo_3422_jpg.rf.1f6f596a5ff9c687b69f7dff8c59e86a.jpg,1,1
photo_45524_jpg.rf.9bf773ab31a9edefddd9c5706f9f354f.jpg,1,1
photo_23259_jpg.rf.28cdd9a0ec8f24c2affae7427e2309ec.jpg,1,1
photo_41585_jpg.rf.8aa29b737cd97776299bf415865ad159.jpg,1,0
photo_66998_jpg.rf.a0807e6f70bb06ae49e2f5093f478dba.jpg,0,1
photo_4286_jpg.rf.5482166e1e41f06f678a86089331fcff.jpg,1,0
photo_42426_jpg.rf.b60065052cd67140cb5e53061ad189ab.jpg,1,0
photo_45239_jpg.rf.95032135bed2817d3d1891eb38659e04.jpg,1,1
photo_128743_jpg.rf.d8fa47bde9c21a64b325313516ef9b84.jpg,0,1
photo_44806_jpg.rf.d0efb518a353f785a783d6c2d1e34027.jpg,1,0
photo_51557_jpg.rf.dd6c62cbfbffdd01ea5d5e43774c7993.jpg,1,0
photo_103541_jpg.rf.db8f704af1ced213c7e56d4381bc5ea5.jpg,1,0
photo_103882_jpg.rf.d1f93a2dd99d109094d67670c121628a.jpg,0,1
photo_53255_jpg.rf.5e427ce78f4534381f918cfd6ca3fbc5.jpg,0,1
photo_44149_jpg.rf.8df5cb70cdcaf9b5165dfe3a85d2863c.jpg,1,1
photo_37012_jpg.rf.94a2a0a705bfb0b1af32999c3939f231.jpg,1,1
photo_29116_jpg.rf.cd63e56e105b15c97453f80102753d31.jpg,1,1
photo_26813_jpg.rf.3e7e3f10e395a70a2108de998a43132d.jpg,1,0
photo_101496_jpg.rf.67a8c0d90be7ba1b47c6bc170beaa5e9.jpg,1,1
photo_31892_jpg.rf.1de7f05a5a5b625c59938e50045eb603.jpg,1,1
photo_29127_jpg.rf.8e29590c5b9b5bda6725c305a092a5f7.jpg,1,0
photo_59073_jpg.rf.f357aecdf2706a68cd08a31ea3957567.jpg,1,0
photo_160760_jpg.rf.92b015b551edb7e88f4bd7d997798d9f.jpg,0,1
photo_14229_jpg.rf.cce66c24166fc41cc7a50ca152775a4a.jpg,0,1
photo_29703_jpg.rf.e5e3c6e03bc1db51047634c816f404ac.jpg,1,0
photo_88837_jpg.rf.e7da8115d941ef235bae82894cbbfd42.jpg,1,1
photo_20297_jpg.rf.46c930bf78e1ed469310436d84530a6e.jpg,1,1
photo_48140_jpg.rf.2a5c563aece76193de590657d64dccd5.jpg,1,0
photo_20023_jpg.rf.d084f31d791eec1f5cc2fcb63450aed4.jpg,1,0
photo_53444_jpg.rf.9d374dd564a2910f026e70ee05b08988.jpg,1,1
photo_71688_jpg.rf.41243bdd532b588b7c45d5d2aee3c43d.jpg,1,1
photo_131795_jpg.rf.6b37eea9657605ad8d5fd055bedec8bb.jpg,0,1
photo_392876_jpg.rf.a29d004d5d59d40085ad42b1bdfca148.jpg,0,1
photo_62142_jpg.rf.35bd464220ece706b7679b853d76f737.jpg,0,1
photo_57786_jpg.rf.5620d76eaf690039cf48e50c4564a718.jpg,1,1
photo_63061_jpg.rf.7c7d0b3f536406d092a902a775dbd3e3.jpg,1,1
photo_80507_jpg.rf.8fbce6d020617df6068c910c74ea77a5.jpg,0,1
photo_36005_jpg.rf.1de751472e6eeb17c2b1e417a6b98b54.jpg,1,1
photo_24372_jpg.rf.2708d58b32cad1bdc7824b844e78db04.jpg,1,0
photo_227545_jpg.rf.b35450c8e46cfa4502a318adcb280beb.jpg,0,1
photo_23808_jpg.rf.91ab455e9e1d3c39ab84b9f1f9860a80.jpg,1,0
photo_108032_jpg.rf.86ebf497a5b849413337c297b214572e.jpg,0,1
photo_29013_jpg.rf.d4fff5ff0773756304505f0d995a83ee.jpg,1,0
photo_50423_jpg.rf.b0e099c1afc41731dfe1d9fa48d10615.jpg,1,0
photo_180362_jpg.rf.9dadfcfc602107fbc243ef263e4b6ee1.jpg,1,1
photo_72329_jpg.rf.7b06fae4240b15bbf324deeae96de4a3.jpg,1,0
photo_121117_jpg.rf.53e90bde51d3787079f291426c220617.jpg,1,0
photo_41305_jpg.rf.3d1e4d22639cb0e766945f8348ad4f77.jpg,1,1
photo_122075_jpg.rf.2f169cfdaeea39cdb623f30cc6fdada9.jpg,1,1
photo_65647_jpg.rf.176844209221a1e268b606c2eee4c248.jpg,1,1
photo_53999_jpg.rf.cfa06ca25a1f92c3ed051f3c39834b85.jpg,0,1
photo_49861_jpg.rf.c00672f340ea91139024f34c3890c210.jpg,1,0
photo_201845_jpg.rf.753c0f1a64d6d642a7edb6899667ad75.jpg,1,0
photo_125449_jpg.rf.690f69b01381ee712435ca7e4e60a8aa.jpg,0,1
photo_19342_jpg.rf.e02b76600207144f15d785789b4ef12f.jpg,1,0
photo_164230_jpg.rf.88161a881b378eb8085428c8ffbffd7c.jpg,1,0
photo_35068_jpg.rf.2b194f9b16817c87b1f9bdd137454433.jpg,1,1
photo_1374_jpg.rf.c0e00ba9ceca11e52be655c597d4bc2b.jpg,0,1
photo_190238_jpg.rf.0378cedc7afe18c82feccda3ed728ca5.jpg,0,1
photo_204901_jpg.rf.465d8924927efb2a66a828e0adc4c710.jpg,1,1
photo_58495_jpg.rf.c4a5c9c008e41451c9ce261a82636751.jpg,1,1
photo_82575_jpg.rf.122291cec47e6356ce72c5963c9da015.jpg,0,1
photo_50663_jpg.rf.d3109e30faa3e8fa13a1cbe2c721dc76.jpg,1,1
photo_68118_jpg.rf.45c5b851dfbda539f29298a461167d6a.jpg,0,1
photo_36743_jpg.rf.40dcd40903270f50669a68a0610898ab.jpg,1,0
photo_18590_jpg.rf.b5bbc2705ff3befe5f4eef88e60bc85d.jpg,0,1
photo_193750_jpg.rf.d03cfa6a56c41ce2a334a32e53c583f4.jpg,1,0
photo_55937_jpg.rf.97f2cddc4a95f603083c7fd1a02be21d.jpg,1,0
photo_74529_jpg.rf.f1432aee4d1ab247cc7b7a501431809f.jpg,1,0
photo_52998_jpg.rf.87bbfd71174ddb15de408b1ab0f35067.jpg,1,1
photo_23878_jpg.rf.42560ec53ad23ced98e1059fa6dba9a7.jpg,0,1
photo_61481_jpg.rf.752a4ac84b702b5eb40f22b5498cb43d.jpg,1,0
photo_72232_jpg.rf.1d89fdb39bb8cf3be69fb6c1185dc509.jpg,0,1
photo_135171_jpg.rf.a9186c49ec151561a592e27ccc1d7ba6.jpg,1,0
photo_171049_jpg.rf.4defcce29333f3e6ddd14fa177cebb7b.jpg,1,1
photo_12317_jpg.rf.56e955b0bb7b3ca46a888dd7d7180307.jpg,0,1
photo_76371_jpg.rf.38d4ab1b606652a593c08c30930fe323.jpg,0,1
photo_49428_jpg.rf.2bc04499030c4cb9b49618c1a5a2f754.jpg,1,0
photo_75443_jpg.rf.ced6c69909cf31975700f6644dda7b3f.jpg,1,0
photo_29880_jpg.rf.5e7ae2c6f131c744ff72ba20681fff56.jpg,1,1
photo_46340_jpg.rf.c27266feba92a32027918f5505f12607.jpg,1,0
photo_20346_jpg.rf.655daf84b36269557dddf0aa80c8c5b3.jpg,0,1
photo_114561_jpg.rf.e2ba5e66d658bbf39585ac48b30276cd.jpg,0,1
photo_1408_jpg.rf.5cb546fbbe0a5cf9cf3ff7e2e667c286.jpg,1,1
photo_36017_jpg.rf.ca53fa867f21ef14fec53121a07b3622.jpg,0,1
photo_118441_jpg.rf.a051f9ba9472d407559cb12baaf68c59.jpg,1,1
photo_3653_jpg.rf.f49449583079fb67530d94fd1248470b.jpg,1,1
photo_207023_jpg.rf.026dfaf74d9c13f6f9b27a08c1976936.jpg,1,0
photo_155780_jpg.rf.536f64b5926d162a8ff015d095d2215d.jpg,1,0
photo_4087_jpg.rf.2721c3c9c0f8d053f8469fa742424787.jpg,1,1
photo_78436_jpg.rf.5ae62746a4c26f63b4cbfac7b32297cd.jpg,0,1
photo_138487_jpg.rf.3a0f1a0c9395a3e902e8befc083a6dee.jpg,1,0
photo_52446_jpg.rf.dd92864644477d5a2e6dd1f0430e4de4.jpg,0,1
photo_86708_jpg.rf.62be7aba12a455e9d954d9838552c79c.jpg,0,1
photo_23483_jpg.rf.e67690b5dcd1004d2ce07878ebf372d0.jpg,1,1
photo_25149_jpg.rf.2733cc6193ec4ee47c771311046d124e.jpg,1,1
photo_25655_jpg.rf.50bfb189f1e951bcc599bd16f1da0bad.jpg,1,1
photo_162003_jpg.rf.5b1e246abc942a5a8c84a8e901507a35.jpg,1,0
photo_40202_jpg.rf.b30dfa0242c59c1b2ca987493cbaaaa4.jpg,0,1
photo_246997_jpg.rf.a51cfc21db71d2a881b74e3182a499c4.jpg,1,0
photo_9925_jpg.rf.512b5927924c362474e9402f1f0e24b3.jpg,0,1
photo_60952_jpg.rf.f1770ab8306a9478e68630086776bfac.jpg,0,1
photo_128713_jpg.rf.bec603c0b9e27149cff8bb352587fa8e.jpg,1,1
photo_30165_jpg.rf.7d509f6e9ba4b4f2ad29fe7e73060280.jpg,1,0
photo_102775_jpg.rf.372f4bd3aea3ff37afa6ca5ba3b3fddf.jpg,0,1
photo_66503_jpg.rf.a1385817412b5d2522479ee69feb54ae.jpg,1,0
photo_125325_jpg.rf.f0cac07fd00f9a5a74448148c95f8d3f.jpg,0,1
photo_111782_jpg.rf.cb1b3691e25fcd78416157d9ebef9b66.jpg,1,1
photo_22561_jpg.rf.cffe9b60dcef0c5e4217bdf49493222a.jpg,0,1
photo_58650_jpg.rf.a7c9d413afb4ae925ebe248371199382.jpg,1,1
photo_148651_jpg.rf.cd29bc428d7f81c403b58c8ba05afd3c.jpg,1,0
photo_45961_jpg.rf.42fc3548a5e8f4b4169d8e5c989b35be.jpg,1,0
photo_46080_jpg.rf.d08954bfb3c018357c8bbc12891153d5.jpg,0,1
photo_7395_jpg.rf.6d8fd48b1efe3f4985f7b55ace2d5ea9.jpg,1,1
photo_217292_jpg.rf.ce2f7bc00588b66d6a29ba757a38942e.jpg,1,0
photo_34638_jpg.rf.e64ab7eea2845e0998244b3dcfa35ec0.jpg,1,1
photo_96281_jpg.rf.c6df864bcc70fa33c72688c1288e053a.jpg,1,1
photo_418771_jpg.rf.45372c49e299977841ce0da98417a178.jpg,1,0
photo_54596_jpg.rf.285a85391d25674cbdb52f6c39a838b3.jpg,0,1
photo_19742_jpg.rf.452a82bf4f843916fa5881efbb51c041.jpg,1,1
photo_66056_jpg.rf.19908751457c19606681c7549f9ed21f.jpg,0,1
photo_31794_jpg.rf.33f31121ecc7a034541e4fe74250c4c1.jpg,1,0
photo_102504_jpg.rf.ff031bfeaafec50a1b8ba144d374e722.jpg,1,0
photo_77613_jpg.rf.f2d5a75fd574844c82a3d3e0df76792a.jpg,0,1
photo_24446_jpg.rf.8514cdb38db4dbd23618d0a33d18a309.jpg,1,1
photo_75100_jpg.rf.c06b0fb5b1bf33bfe389180d2de5ec13.jpg,1,1
photo_64370_jpg.rf.271307794a4ca579fa5257f711745e53.jpg,1,0
photo_48291_jpg.rf.16582a7d618e6f5f47457e04455c27e0.jpg,0,1
photo_63259_jpg.rf.1420c667fac9acbd59ba6d1865237268.jpg,1,1
photo_10456_jpg.rf.e8ccc93761b1036dfb6ffc51137ed36a.jpg,1,0
photo_195391_jpg.rf.28aca2a8b3dd2ab5575aa6ec8da40739.jpg,0,1
photo_3539_jpg.rf.fba0f83763f55549146fc3e8115cf743.jpg,0,1
photo_43403_jpg.rf.b3788937aae2e74ca94e3191b5c21f3b.jpg,1,1
photo_10367_jpg.rf.e766ff45bb93ee3375ff682ac4481e4f.jpg,1,0
photo_24303_jpg.rf.a870ab386d1e3e0af69295abc9d07170.jpg,1,1
photo_48230_jpg.rf.a72f9f5ccdec2fd302f5aa742936781b.jpg,1,0
photo_154216_jpg.rf.aa22307b235dba18ba1f31b9f9a404db.jpg,1,0
photo_99110_jpg.rf.6d9581c08f04c1bd10ef0b2ed1eea06e.jpg,1,0
photo_51322_jpg.rf.7df5c1f4e81fa3fe876179afaf089517.jpg,1,1
photo_57971_jpg.rf.0ba1c622165e91cc9e538ded881e337d.jpg,1,0
photo_31325_jpg.rf.d96ab58e6d41ca8da200d0ad8c196f5b.jpg,0,1
photo_140151_jpg.rf.08c94d1cf640517307d8e2dfd04e94f6.jpg,1,0
photo_46535_jpg.rf.2b07da6b86405d95948180babaee321e.jpg,1,1
photo_55816_jpg.rf.bafac3159459f7b7152785ca062949e6.jpg,1,1
photo_104334_jpg.rf.74a5e154b5ec5cadc7fa32f0ddf07eee.jpg,1,1
photo_17773_jpg.rf.4d022bd3ebcda32d949b0235d3055ef4.jpg,0,1
photo_113413_jpg.rf.77ccd7d584b3b59d5280540c0f18d675.jpg,1,1
photo_139953_jpg.rf.533ba1087556942f7e0ccc6f9c1ddfd0.jpg,1,1
photo_85516_jpg.rf.2573785bb6438d2178ed82a959747d02.jpg,1,0
photo_50324_jpg.rf.66eaa2852486d6c5341943b36f6cb4ed.jpg,1,0
photo_56151_jpg.rf.be0aed87ccf28e9b578b2022c8087616.jpg,1,1
photo_68460_jpg.rf.d7dfdf5381a861b53b06f9073b23dff9.jpg,1,0
photo_28548_jpg.rf.5c3056b4e7995833ff98829f0672c777.jpg,1,0
photo_190546_jpg.rf.2b6ce6bb3e729afa4e4f11d0d6500bd6.jpg,0,1
photo_330246_jpg.rf.73dd8869e4d5727d49b90e4950c9dede.jpg,0,1
photo_89355_jpg.rf.43a5a81e1250a3a1959458ecb79fe399.jpg,1,1
photo_9510_jpg.rf.75566b85e587005fbebb8755cc1b65d2.jpg,1,1
photo_57606_jpg.rf.6d1f09e78ecdda712f0e04ed5b2d189c.jpg,1,0
photo_41867_jpg.rf.01c43e5275ebaf98f0f6b8354c86753a.jpg,0,1
photo_149303_jpg.rf.c3550bcb7f715710131a566243e11bb5.jpg,1,0
photo_88404_jpg.rf.1f79284bc75ae23a9db7cb7ab0b58192.jpg,0,1
photo_122205_jpg.rf.8810aeb4ecfbf80b9b22b154be577296.jpg,1,1
photo_91836_jpg.rf.cf823fc2ebf8bedc0567d27b38b49716.jpg,0,1
photo_49618_jpg.rf.fa6fec5d420d01f50073e19530f78722.jpg,1,0
photo_9414_jpg.rf.ba1c3c9c40e0e28d42579de56b34e820.jpg,0,1
photo_52610_jpg.rf.cf4a5e9dbc36de5b8d24c00ac34c0ecd.jpg,1,0
photo_87716_jpg.rf.475d993ab3d789f167e3a1000e0bd5eb.jpg,1,1
photo_32454_jpg.rf.acb6a0b8ca4f1e0299d5ec4a263daabb.jpg,1,1
photo_28176_jpg.rf.e25f020ffdbf0d7b61a4ef19a6e35dea.jpg,1,1
photo_40184_jpg.rf.6e81ade703872075fbbf6e8ad9d2cfc2.jpg,1,1
photo_25108_jpg.rf.362200fdc3dd5cf8e7447fdbe9e8bb15.jpg,0,1
photo_51815_jpg.rf.71356084328a01f029c11af873d1cc1b.jpg,1,0
photo_72828_jpg.rf.74cca54da818be641938f9ffeda0a241.jpg,1,1
photo_41670_jpg.rf.acecaa388eb14fdcfa81537ae5e8aad7.jpg,1,0
photo_106544_jpg.rf.47e139dc0a900a9b685c89cc0f012458.jpg,0,1
photo_57863_jpg.rf.eef80fba57d8f8405325b675e2fcd258.jpg,1,1
photo_12758_jpg.rf.18581f5e55ba1ad44413dcdf777b98b8.jpg,1,1
photo_36244_jpg.rf.069aee0031cf174af72f0dbdcca337a5.jpg,1,0
photo_127585_jpg.rf.69170b20745f96efa560ac6520413660.jpg,0,1
photo_36583_jpg.rf.2bdb3bfc84609c44b6f030144baed25d.jpg,1,1
photo_22933_jpg.rf.3bd5313264e6ea182a7cc1616e8c9d4f.jpg,0,1
photo_35688_jpg.rf.555d6e4f26f236827f69880dcef5e71d.jpg,1,1
photo_5606_jpg.rf.1b49929bb4491faaa9da9904932bfa49.jpg,1,1
photo_91489_jpg.rf.7f5a474124d224facc819d79d87bd8e8.jpg,1,0
photo_258453_jpg.rf.02663542ff6660c89c338d0ba33f1b9f.jpg,1,1
photo_16493_jpg.rf.ef13fcbea7855ddca48b7d12da3ef2ee.jpg,1,0
photo_195693_jpg.rf.c4c0d40f746f2dc5931d9095b54f1bb0.jpg,1,0
photo_22816_jpg.rf.4009deeb8310f4bb270cec6bf7db82ea.jpg,1,0
photo_146251_jpg.rf.37ed09c7f4505cbb53e7dfc55124c38b.jpg,1,1
photo_94580_jpg.rf.8f915e34d4f1487102d0ba56e0850d29.jpg,0,1
photo_33042_jpg.rf.54ff6af98afeb6397d616374507e2ea1.jpg,1,0
photo_28957_jpg.rf.613e943ba05e586470acc7a41b69d534.jpg,0,1
photo_17959_jpg.rf.e0e7c3b68e1b329e20a2ad13da77a607.jpg,1,1
photo_30968_jpg.rf.072836a63f5445752f3318107b3f9723.jpg,0,1
photo_37970_jpg.rf.97f33631aa7e25c11864771a3ccdf185.jpg,0,1
photo_142672_jpg.rf.280c661ca5d374341f57a4be6dbbb236.jpg,1,0
photo_20070_jpg.rf.bccc9932b1bf27f00c2c705cbf2a72fc.jpg,1,1
photo_34546_jpg.rf.634bce0960f3d205a54569b60f520fb3.jpg,1,1
photo_109535_jpg.rf.5acff2676d141f6987c2720d45c9c288.jpg,0,1
photo_70784_jpg.rf.bba43f6472aeead1540eaf727a29b9e2.jpg,1,1
photo_10665_jpg.rf.5080b443beb35d91396561f5fb0fbef9.jpg,1,0
photo_37297_jpg.rf.fd891c3c1eb80c6e706cdcd847bbb68e.jpg,1,1
photo_49885_jpg.rf.a21c0a6199ae49ae6c1e37199415613c.jpg,1,1
photo_22501_jpg.rf.bda5998e18a0a2cb3f2ac21b150a8a3a.jpg,0,1
photo_42281_jpg.rf.cd6a2151b0a1a36cd625251d24588a93.jpg,1,1
photo_12788_jpg.rf.0db4e442c8f470f16faf2ee71aa4f661.jpg,0,1
photo_6092_jpg.rf.d3fd3a622c0dfc18b12c572a4f965149.jpg,1,1
photo_87066_jpg.rf.98610eab3d5dafd9a2d7319a1d9b4ef3.jpg,1,1
photo_56712_jpg.rf.6d5cb0a82f6a683f12a09094b271226a.jpg,1,1
photo_53749_jpg.rf.80f8e9c0cbe1789bc29e700e07961e5c.jpg,1,0
photo_226411_jpg.rf.bffbd737d5729f23c8b4ed04c0bd0a65.jpg,0,1
photo_3917_jpg.rf.accaf9e4fe9b6efb98d98a4b8a171a69.jpg,1,1
photo_153094_jpg.rf.528010d47227667e541ed874d9835cb6.jpg,0,1
photo_31925_jpg.rf.154e66632967287b000f3264357c7e85.jpg,1,0
photo_23206_jpg.rf.334aff8b8c3e146d3ca4299011fe0a89.jpg,0,1
photo_19359_jpg.rf.49c9ce050f859d25dae4d7795db7462a.jpg,1,0
photo_109353_jpg.rf.36f71429c521619e77877a0b2aec2754.jpg,0,1
photo_39488_jpg.rf.aadc0e39532c71d0f0d30ac63d3a1cf5.jpg,0,1
photo_3505_jpg.rf.e585e88b321e5ab70326e7e6aa4b1b97.jpg,1,1
photo_26044_jpg.rf.00184b38f8419d8fce46a059f6566ce0.jpg,1,1
photo_62307_jpg.rf.3f2a54ba0820fc1451c65e16d7dcf865.jpg,1,1
photo_39142_jpg.rf.c36bff30f8c10364527dad14c9b6af67.jpg,1,0
photo_20370_jpg.rf.c018371cc91fe07d99ab7f7c63438dc9.jpg,1,1
photo_1707_jpg.rf.784cc038c0b45483030f37238a2ab3c7.jpg,1,1
photo_52052_jpg.rf.90a0ea503dcef4347f51273940e5e580.jpg,1,0
photo_56457_jpg.rf.33be8f08f48ce9f87111faaea444067b.jpg,1,1
photo_105711_jpg.rf.15dbfc0997550ae534d518151f36e2fb.jpg,1,0
photo_11844_jpg.rf.e354e9cda02549c880fc4492e73647cd.jpg,1,1
photo_5818_jpg.rf.797a1e515126075749b6a1975a1c63e9.jpg,1,0
photo_122937_jpg.rf.e935df7b5012229465d61d187fdb00a2.jpg,1,1
photo_67113_jpg.rf.7a371824c415705392a8709239588da7.jpg,0,1
photo_4713_jpg.rf.1f258ec0558af81621c92088990b80c8.jpg,1,0
photo_186360_jpg.rf.4ead7c1bb3e33cf61fb9c32fbf1b9b44.jpg,1,1
photo_36532_jpg.rf.47bc39fa2c4c62a5b755fb458d88daa4.jpg,0,1
photo_36119_jpg.rf.5b9dc217810cb5fd0c3e4829c15f56e1.jpg,0,1
photo_278017_jpg.rf.fc0c2ece8ec1fdc13464ed88178206ff.jpg,1,0
photo_77181_jpg.rf.092663da43b8eafc445b98facb947545.jpg,1,0
photo_77398_jpg.rf.181fd3b35f000adb8baf8045a18d7a4c.jpg,1,0
photo_186428_jpg.rf.8df8a8c4ad03370e63b4296245a217f4.jpg,1,1
photo_27488_jpg.rf.455e65a96e4bed89cff12709895d3d22.jpg,1,1
photo_93908_jpg.rf.f3d7500722d33c82983edcb0a9054034.jpg,1,1
photo_147028_jpg.rf.4f231c1fef7dd71e4b9b60465e7b85cc.jpg,1,0
photo_42536_jpg.rf.12eb23fc3aabde9c0ba2db9e54b4ced0.jpg,0,1
photo_18921_jpg.rf.4ef515eb4c9b2d3b6bfce0d582e05b32.jpg,0,1
photo_53471_jpg.rf.e5379c6157d054d389c7233d1fce4bbc.jpg,0,1
photo_62729_jpg.rf.88489411b71759a6b2831349d4df3800.jpg,0,1
photo_69084_jpg.rf.f688faf34e30aa45addce95f8e022afd.jpg,0,1
photo_60088_jpg.rf.dd58ca13a5e4f55cf9d20bc85c6367cb.jpg,1,0
photo_6178_jpg.rf.122733ad61b7ecd415711f25d0f90dc5.jpg,1,0
photo_41224_jpg.rf.f1942f9c1f82d38e18ccfca78f27e1c4.jpg,1,1
photo_1735_jpg.rf.2ff2684e6ed636bb253c8a5fb0b88dcf.jpg,1,0
photo_67816_jpg.rf.60255e9d1e137c424aaf6084e8e0a1b7.jpg,1,0